{
  "hash": "4012723f",
  "configHash": "73cde585",
  "lockfileHash": "e190d80b",
  "browserHash": "6b07edc2",
  "optimized": {
    "@angular/common": {
      "src": "../../../../../../node_modules/@angular/common/fesm2022/common.mjs",
      "file": "@angular_common.js",
      "fileHash": "f3e4f3de",
      "needsInterop": false
    },
    "@angular/common/http": {
      "src": "../../../../../../node_modules/@angular/common/fesm2022/http.mjs",
      "file": "@angular_common_http.js",
      "fileHash": "9475337b",
      "needsInterop": false
    },
    "@angular/core": {
      "src": "../../../../../../node_modules/@angular/core/fesm2022/core.mjs",
      "file": "@angular_core.js",
      "fileHash": "c717b216",
      "needsInterop": false
    },
    "@angular/forms": {
      "src": "../../../../../../node_modules/@angular/forms/fesm2022/forms.mjs",
      "file": "@angular_forms.js",
      "fileHash": "acb7429f",
      "needsInterop": false
    },
    "@angular/platform-browser": {
      "src": "../../../../../../node_modules/@angular/platform-browser/fesm2022/platform-browser.mjs",
      "file": "@angular_platform-browser.js",
      "fileHash": "bcc49f56",
      "needsInterop": false
    },
    "@angular/router": {
      "src": "../../../../../../node_modules/@angular/router/fesm2022/router.mjs",
      "file": "@angular_router.js",
      "fileHash": "319d8ade",
      "needsInterop": false
    }
  },
  "chunks": {
    "chunk-YMUEEQRX": {
      "file": "chunk-YMUEEQRX.js"
    },
    "chunk-JJJAALSB": {
      "file": "chunk-JJJAALSB.js"
    },
    "chunk-54L2ORA5": {
      "file": "chunk-54L2ORA5.js"
    },
    "chunk-KCSUZAPK": {
      "file": "chunk-KCSUZAPK.js"
    }
  }
}